{"cameraMode":{"drawMode":0,"name":"Shaded","section":"Shading Mode"},"sceneLighting":false,"audioPlay":false,"sceneViewState":{"m_AlwaysRefresh":false,"showFog":true,"showSkybox":false,"showFlares":true,"showImageEffects":true,"showParticleSystems":true,"showVisualEffectGraphs":true,"m_FxEnabled":true},"in2DMode":false,"pivot":{"x":-0.05129742622375488,"y":1.4481401443481446,"z":-0.24541544914245606},"rotation":{"x":0.15792295336723329,"y":0.8050418496131897,"z":-0.24638788402080537,"w":0.5160105228424072},"size":5.568887233734131,"orthographic":true}