{"cameraMode":{"drawMode":0,"name":"Shaded","section":"Shading Mode"},"sceneLighting":false,"audioPlay":false,"sceneViewState":{"m_AlwaysRefresh":false,"showFog":true,"showSkybox":true,"showFlares":true,"showImageEffects":true,"showParticleSystems":true,"showVisualEffectGraphs":true,"m_FxEnabled":true},"in2DMode":false,"pivot":{"x":0.5602138638496399,"y":64.74359893798828,"z":85.01599884033203},"rotation":{"x":-0.0009864573366940022,"y":0.9548759460449219,"z":-0.2969481647014618,"w":-0.003155101789161563},"size":1.8548613786697388,"orthographic":false}