{"cameraMode":{"drawMode":0,"name":"Shaded","section":"Shading Mode"},"sceneLighting":true,"audioPlay":false,"sceneViewState":{"m_AlwaysRefresh":false,"showFog":true,"showSkybox":true,"showFlares":true,"showImageEffects":true,"showParticleSystems":true,"showVisualEffectGraphs":true,"m_FxEnabled":true},"in2DMode":false,"pivot":{"x":16.87175750732422,"y":-5.651817321777344,"z":-35.31279373168945},"rotation":{"x":0.040844038128852847,"y":0.9501293301582336,"z":-0.27527159452438357,"w":0.14097201824188233},"size":35.22673416137695,"orthographic":true}