{"cameraMode":{"drawMode":0,"name":"Shaded","section":"Shading Mode"},"sceneLighting":false,"audioPlay":false,"sceneViewState":{"m_AlwaysRefresh":false,"showFog":true,"showSkybox":true,"showFlares":true,"showImageEffects":true,"showParticleSystems":true,"showVisualEffectGraphs":true,"m_FxEnabled":true},"in2DMode":false,"pivot":{"x":1.702713966369629,"y":1.3100147247314454,"z":3.749298095703125},"rotation":{"x":0.11694175750017166,"y":0.8806859850883484,"z":-0.28843456506729128,"w":0.35707396268844607},"size":29.967084884643556,"orthographic":true}